Country,1950,1951,1952,1953,1954,1955,1956,1957,1958,1959,1960,1961,1962,1963,1964,1965,1966,1967,1968,1969,1970,1971,1972,1973,1974,1975,1976,1977,1978,1979,1980,1981,1982,1983,1984,1985,1986,1987,1988,1989,1990,1991,1992,1993,1994,1995,1996,1997,1998,1999,2000,2001,2002,2003,2004,2005,2006,2007,2008,2009,2010,2011,2012,2013,2014,2015,2016,2017,2018,2019,2020,2021,2022,2023,2024,2025,2026,2027,2028,2029,2030,2031,2032,2033,2034,2035,2036,2037,2038,2039,2040,2041,2042,2043,2044,2045,2046,2047,2048,2049,2050
Country1,602559,689878,789145,838009,935717,993853,1043750,1070777,1133078,1147769,1241692,1287943,1317701,1378785,1425148,1517630,1530970,1596048,1665434,1690953,1720908,1735641,1753809,1777262,1847572,1893365,1946440,1973959,2027811,2054535,2111728,2164454,2235589,2270798,2357974,2401448,2470478,2564569,2629877,2645024,2686284,2776772,2842753,2861475,2928319,3023799,3065590,3156511,3208413,3307159,3389330,3420252,3443496,3522537,3548836,3648495,3727866,3791531,3855890,3946720,4014620,4071008,4091431,4176627,4248617,4332815,4366866,4443798,4484964,4582559,4601918,4629441,4698387,4772648,4794905,4841594,4916183,5007243,5100975,5164286,5186434,5281208,5350510,5416795,5503962,5563497,5616650,5690634,5718726,5763876,5852799,5911728,5980066,6019974,6067020,6103375,6176863,6209457,6221819,6306178,6391287
Country2,677964,692969,731382,811779,832181,918841,1008965,1072346,1148363,1182522,1233382,1263647,1280698,1368579,1430151,1492773,1563443,1649688,1744581,1755695,1852675,1949274,1991675,2010632,2075115,2109453,2134310,2208222,2235214,2303294,2399138,2419842,2473814,2542873,2617743,2715825,2804763,2891620,2913833,2977649,3055175,3110829,3140896,3188809,3204307,3276206,3342697,3358149,3381565,3411024,3424081,3519176,3536945,3632748,3719000,3772010,3782119,3853429,3871954,3957459,3987384,4063927,4144067,4212795,4297521,4390499,4420756,4476447,4506178,4538610,4624810,4638221,4687532,4747354,4779045,4870908,4945362,5027556,5125601,5211155,5292619,5374673,5390053,5451342,5488541,5543364,5558245,5641612,5719342,5806547,5895052,5941630,5958117,5993628,6070828,6120150,6141559,6168894,6182943,6227164,6326322
Country3,763680,819673,884362,959744,995910,1066648,1095523,1118935,1148371,1237098,1332823,1419504,1492987,1564699,1651330,1735283,1782335,1843791,1862527,1933545,1971784,2055479,2108893,2202826,2257089,2289856,2310737,2347408,2406497,2462196,2510440,2580086,2618355,2665308,2707909,2771616,2843708,2918700,2976398,3016653,3040131,3114838,3127997,3222024,3316451,3345235,3406964,3492001,3518593,3544920,3631315,3669211,3749198,3816329,3844739,3893549,3988507,4064389,4076106,4133724,4177792,4189602,4260718,4317493,4410852,4510198,4521049,4614780,4652963,4698337,4784916,4840981,4870682,4911693,4986603,5073729,5149939,5218628,5261823,5320422,5391921,5428152,5460403,5494359,5547967,5632121,5669503,5766030,5788827,5836371,5854377,5919314,5938805,6018947,6085256,6153274,6229934,6321928,6377780,6455456,6504789
Country4,553878,594916,632531,688467,737295,779047,863870,915463,993248,1021596,1036380,1107188,1170014,1181345,1225702,1300604,1330598,1408318,1421438,1478692,1520904,1618267,1691056,1710244,1766729,1809267,1830723,1897068,1990187,2061126,2097315,2166378,2191430,2256479,2335845,2386694,2439792,2500056,2568652,2665565,2724359,2807772,2866654,2947904,3025064,3112681,3161180,3186917,3216342,3268979,3345010,3428001,3465195,3553196,3639976,3653742,3715706,3802574,3837770,3850996,3905680,3977782,4011690,4050636,4109017,4202581,4244982,4264459,4287724,4327920,4352843,4386345,4442485,4469394,4550713,4561747,4606355,4703093,4802626,4888796,4940794,4974221,5055126,5146668,5244045,5311063,5369469,5402235,5426961,5478708,5515831,5556531,5597319,5615955,5640803,5703558,5733963,5828842,5874005,5939046,6003086
Country5,862830,927145,998681,1012770,1023914,1082780,1173724,1241790,1278209,1377557,1421797,1485321,1559899,1654614,1670366,1707667,1777635,1814595,1858915,1885569,1931902,1955500,1990924,2061910,2092958,2164498,2237066,2267965,2327098,2353870,2440399,2456329,2487254,2550010,2611216,2694517,2730532,2805757,2854732,2922284,2938301,3024003,3083668,3178470,3271100,3339921,3407393,3451691,3490597,3552530,3563669,3620396,3650443,3718071,3787345,3811549,3821895,3872558,3910710,3936106,3972097,4035939,4057259,4150505,4238099,4249301,4293081,4358289,4458056,4475814,4518656,4589473,4625280,4700108,4788308,4853582,4909188,4976378,5009024,5032631,5109554,5202604,5248660,5335004,5386563,5461805,5528740,5611191,5688937,5718879,5761624,5795146,5829848,5907407,5923211,6005920,6024807,6063315,6144645,6155401,6245038
Country6,169894,251166,287869,317250,398075,466298,514340,580054,628116,638154,676301,715353,742320,773621,803317,879712,945729,1013942,1030367,1108623,1165092,1191626,1232495,1281315,1338875,1360359,1389972,1418208,1501844,1592907,1625335,1661781,1706555,1739174,1817102,1896314,1956254,2035269,2055299,2065892,2078039,2089139,2116008,2214567,2305796,2403421,2424491,2489341,2560975,2575289,2637906,2717219,2784930,2849367,2888966,2902617,2931773,3028580,3043056,3070299,3101762,3127971,3175066,3188179,3236573,3308166,3330176,3424617,3436049,3503999,3599319,3662542,3679599,3756249,3854066,3880074,3951354,3973533,4047620,4096324,4131683,4162980,4206789,4277257,4363448,4451176,4505547,4570109,4655337,4735142,4784453,4870187,4903403,4961916,5028192,5053001,5063426,5127583,5226654,5286066,5334436
Country7,179111,207343,226751,301137,325126,422821,459567,529567,602899,661651,717400,745449,838468,920328,966090,1041096,1124512,1191882,1279619,1311312,1385918,1425339,1510763,1552770,1572763,1658253,1738921,1798294,1846014,1877054,1890232,1979954,2026427,2074628,2086658,2104865,2198125,2251626,2309425,2391550,2411557,2481077,2516081,2592128,2661808,2672871,2706197,2789091,2884275,2933925,3033085,3079353,3143596,3233918,3319459,3414967,3448957,3465371,3519341,3597008,3616430,3708259,3794084,3814347,3830158,3865386,3952488,4046404,4107236,4128610,4196598,4234884,4272773,4336840,4367365,4425253,4449637,4466359,4486491,4517851,4594807,4629877,4677522,4719874,4757539,4831768,4892891,4945997,4963411,4986651,5055900,5150180,5209885,5234495,5326956,5400673,5489908,5510570,5578195,5639818,5696512
Country8,298097,329528,401052,492720,575010,619542,690218,753469,836328,889736,907010,944519,989103,1078517,1164584,1181913,1207943,1254396,1320915,1346288,1432218,1514121,1568102,1629697,1682004,1709016,1783484,1820074,1866608,1919450,1960839,1979905,1992718,2088754,2182602,2243635,2333024,2347417,2433684,2444233,2477392,2544605,2610564,2638185,2693008,2733462,2831584,2874804,2886132,2910763,2936343,2952778,3036625,3053744,3143387,3170001,3259855,3311547,3409931,3440448,3526907,3573140,3587874,3629842,3694898,3731477,3789387,3828471,3898514,3980544,4031889,4063051,4139917,4168583,4202961,4241460,4337718,4405149,4426461,4438124,4532110,4604514,4643729,4685020,4704526,4771336,4839150,4911672,4963392,5036647,5061905,5152358,5187358,5220537,5233363,5326786,5383705,5464870,5511475,5585352,5670240
Country9,1053228,1094375,1189954,1240574,1250920,1337542,1385513,1443904,1486816,1499034,1519112,1567867,1646850,1693855,1709919,1727734,1812804,1870097,1885935,1929014,2026270,2117008,2150870,2244002,2292897,2338424,2426989,2502044,2550295,2576703,2630374,2702782,2781780,2879723,2924232,2983527,3006530,3063671,3112234,3175536,3218112,3317937,3406259,3442533,3455934,3536692,3616482,3645376,3689471,3728133,3778632,3835481,3922081,4015595,4051114,4112416,4158878,4194214,4247496,4283848,4298317,4395377,4423011,4435939,4532118,4587059,4599229,4614780,4705863,4792101,4806221,4830745,4850309,4891327,4939494,4959722,4990106,5013882,5087974,5171849,5196521,5212798,5281678,5355310,5404099,5427981,5509907,5605938,5665111,5746884,5788210,5858240,5893695,5948527,5960915,5982281,6026597,6100920,6162911,6241547,6313748
Country10,297965,369285,459246,518736,566893,663409,685428,754537,834973,894967,994062,1083933,1181927,1232938,1327726,1367892,1410493,1483059,1493907,1550334,1603773,1660668,1690584,1708663,1788835,1883719,1949770,2032168,2045400,2073014,2086780,2162489,2257461,2296962,2342623,2437161,2452672,2534676,2571166,2599948,2678903,2698350,2794063,2828073,2865421,2920674,2952780,2980737,3007328,3084176,3158740,3169859,3233313,3267627,3349376,3438709,3478930,3500696,3545957,3645310,3686202,3707384,3730189,3818462,3846438,3920821,3961821,4032854,4056127,4086556,4130688,4172280,4252446,4262672,4343443,4391931,4471086,4567519,4645033,4693323,4754143,4848526,4904890,4998929,5094075,5179081,5269030,5343054,5421176,5517000,5577769,5674962,5763395,5854724,5905254,5990151,6003136,6096948,6112896,6168552,6218498
Country11,359249,377480,388634,433920,446529,521055,533241,582581,639749,696606,757209,838199,920036,935629,1028350,1069743,1125632,1139156,1176996,1258783,1341763,1420307,1478875,1560739,1608069,1682711,1731238,1756810,1788449,1875400,1889065,1904072,1922203,1998474,2052298,2141053,2189182,2210574,2248734,2262058,2357663,2401050,2452879,2524032,2583404,2666976,2753095,2812731,2896216,2940966,2998727,3079787,3137214,3194736,3243077,3266411,3316779,3397026,3447738,3474831,3502733,3563683,3574882,3614022,3637483,3664427,3687705,3712735,3748168,3790246,3881226,3917346,4004598,4095059,4183583,4201620,4298198,4395324,4437884,4453943,4486738,4572163,4621395,4670566,4696243,4770585,4834973,4846731,4865707,4904216,4959451,5011887,5027703,5089275,5170791,5203200,5237202,5268287,5366980,5391161,5443885
Country12,264960,351488,402587,421201,516365,601763,669961,746533,758808,848049,867029,936164,954695,1045191,1081724,1126494,1159617,1183249,1224268,1264009,1308878,1327824,1370634,1467300,1508398,1551684,1590386,1634477,1667466,1763871,1859836,1957314,2019545,2044744,2082819,2110917,2152644,2184040,2268739,2292112,2355204,2425848,2441497,2452441,2496844,2548467,2606079,2676306,2756010,2773540,2823034,2852706,2866106,2954504,3038281,3051042,3143321,3173214,3232092,3278895,3378133,3392159,3448416,3499400,3510203,3599721,3695248,3706119,3722106,3803273,3880593,3931746,3973796,4012321,4035422,4100207,4137947,4168475,4197208,4265840,4347502,4428176,4487866,4586419,4681813,4717634,4749733,4781541,4837301,4884665,4926737,4938445,5010970,5041599,5108614,5180819,5223027,5305738,5394759,5422518,5485953
Country13,1030735,1130454,1229579,1329318,1374750,1472366,1561568,1618334,1678829,1722281,1795646,1857084,1921726,1981588,2073305,2137642,2168207,2246170,2293316,2334719,2378728,2421547,2473850,2485158,2528794,2623796,2668902,2693181,2776756,2805574,2819448,2833267,2847244,2908364,2928541,3015242,3028614,3045072,3135953,3232736,3274788,3336446,3394189,3412695,3468317,3501964,3583744,3679948,3704451,3728184,3826426,3893674,3918354,4004414,4022383,4108950,4187686,4251609,4308453,4349375,4405865,4448776,4534037,4578899,4651403,4694573,4738140,4815657,4896790,4929258,4968784,4981226,5059261,5095523,5183560,5236896,5263331,5356290,5382569,5451233,5544555,5574661,5585741,5666337,5732628,5797297,5871721,5915661,5963128,6006592,6066683,6120653,6150216,6239914,6275856,6302453,6360190,6446887,6542047,6572034,6621083
Country14,809270,902368,941400,993208,1006475,1077680,1176597,1217113,1257098,1338217,1367490,1459315,1492212,1524188,1544290,1575958,1673242,1704549,1788324,1848165,1943185,2005317,2103557,2166118,2234187,2287687,2381927,2439672,2528281,2613463,2657295,2702721,2782399,2802203,2882588,2916640,2989983,3022825,3073468,3090908,3135769,3173836,3207418,3244212,3334973,3356535,3387793,3479521,3492769,3534378,3595174,3637970,3698316,3738853,3830087,3884380,3946997,4001144,4033665,4060403,4140278,4222056,4278628,4345069,4387316,4435422,4485721,4574755,4642922,4727058,4751504,4809096,4875185,4964771,4993394,5084567,5138885,5203914,5225227,5320668,5350008,5417636,5454175,5523553,5589832,5661178,5691448,5701886,5742990,5831713,5926458,5994499,6029735,6045615,6071259,6113636,6194172,6277436,6343892,6396972,6463068
Country15,551018,620208,664885,740783,785937,823269,858191,945358,957604,981565,1071219,1113760,1202000,1238455,1283583,1329007,1345543,1368706,1430893,1495857,1522583,1557669,1648903,1701777,1765787,1788528,1846605,1905978,1999878,2016699,2047092,2072924,2168647,2179220,2259570,2277350,2300300,2327468,2339207,2438846,2497270,2523494,2567116,2611866,2671524,2767600,2866496,2906073,2968341,3051682,3075146,3174717,3253843,3343360,3391550,3438406,3449211,3521621,3552186,3581417,3592270,3611702,3680592,3724877,3745346,3788872,3869022,3889719,3910688,4009375,4042803,4086576,4157207,4226013,4300616,4318033,4365994,4391651,4422743,4502991,4575626,4634165,4648283,4662515,4681094,4745180,4835457,4864050,4929400,5029124,5063310,5134319,5224340,5244995,5336647,5348164,5439666,5466713,5558697,5638617,5717895
Country16,825453,841543,899185,950799,1016654,1049468,1076343,1167843,1182832,1255347,1353582,1369443,1408581,1446466,1502273,1583968,1632700,1645846,1667845,1714694,1810877,1867406,1953260,1994238,2039929,2133944,2145233,2178308,2247926,2275760,2332016,2401681,2473634,2510360,2601146,2633333,2712446,2784100,2801760,2849371,2944577,3012251,3029341,3105704,3145526,3175813,3269652,3313736,3393993,3439348,3495686,3559168,3588943,3619033,3643649,3683328,3743260,3821365,3894375,3972162,4044745,4120733,4159552,4223475,4255005,4288528,4341912,4403678,4474054,4531668,4559669,4630538,4712951,4756681,4801814,4851603,4863901,4901711,4957856,5040794,5082214,5119090,5136919,5231068,5321075,5365441,5453932,5467223,5542318,5632310,5714693,5760552,5788998,5850294,5901390,5993412,6020935,6078459,6129583,6164309,6213307
Country17,363580,375246,461411,552164,650445,724928,815144,904046,941500,976426,1052427,1092143,1121283,1195216,1235659,1326329,1419196,1497316,1540700,1637991,1670968,1688365,1717605,1799792,1826780,1842617,1913613,1990737,2089621,2179945,2260762,2355773,2427565,2492861,2585841,2661073,2724393,2806810,2817466,2831419,2846739,2944819,2989874,3039530,3134597,3229795,3273488,3304889,3320637,3370355,3452966,3475383,3545715,3627709,3662336,3756429,3816974,3899511,3922177,4008308,4100113,4171861,4183586,4266615,4342587,4385110,4468652,4522980,4539145,4551941,4649282,4673548,4708409,4794784,4805475,4845166,4893922,4930747,5008413,5066053,5083137,5117847,5155896,5226207,5275077,5304672,5392711,5425140,5477811,5572444,5634756,5696706,5754224,5782177,5797282,5838726,5856051,5886959,5904743,5947318,5987008
Country18,492800,561871,639540,655747,678996,755570,777098,867943,941431,1038275,1073529,1149027,1218356,1253723,1329061,1361691,1416137,1451971,1518426,1564186,1604563,1702366,1789129,1859761,1940721,1951801,2028666,2059803,2095299,2192775,2236140,2295238,2319360,2406053,2442019,2479022,2531612,2575924,2605499,2617647,2638316,2714872,2785441,2858998,2958132,3001081,3090898,3127214,3185492,3282480,3339138,3413626,3437530,3535001,3598736,3670139,3749847,3823574,3865469,3964143,4011007,4055045,4127365,4203808,4288431,4354586,4427037,4522678,4575137,4630825,4646740,4732065,4753163,4835052,4895631,4910095,5007006,5101048,5124957,5174813,5260208,5327771,5342039,5387212,5398742,5410871,5426688,5497468,5570030,5642963,5742349,5799807,5826175,5920912,5997556,6012362,6072741,6162918,6208737,6285568,6346525
Country19,274527,355476,446136,488456,568054,660851,716229,782627,863450,892464,905443,1000408,1021716,1108062,1144799,1217410,1259267,1321866,1372510,1469778,1503174,1583639,1626683,1643293,1726661,1746299,1788780,1816362,1830587,1923844,1968967,2023036,2039189,2076293,2167420,2233419,2287652,2365969,2431828,2503989,2563234,2639704,2696748,2753848,2764193,2774730,2845374,2894610,2938884,3021618,3075315,3164791,3223224,3255974,3295670,3350521,3384565,3438742,3500703,3587615,3618760,3709067,3777252,3818694,3829026,3847093,3915501,3938038,4004897,4016246,4031925,4097900,4162905,4247912,4298325,4354023,4382125,4418287,4467842,4526464,4559243,4640016,4691615,4731740,4787956,4866280,4963920,4986873,5032602,5069834,5090513,5183414,5225382,5301168,5338907,5402812,5453943,5498943,5532993,5570482,5596104
Country20,531096,580109,653928,688894,784355,880161,909328,977427,1041120,1066520,1162137,1230544,1279209,1360264,1422244,1437061,1497587,1591718,1679068,1694185,1743966,1771727,1786561,1838413,1867913,1907197,1928992,1997993,2055547,2098998,2133786,2193621,2203648,2232783,2287685,2349132,2427445,2498989,2560154,2592221,2631359,2728858,2759686,2789420,2805778,2892556,2965018,3042753,3080548,3099459,3120553,3209119,3240296,3303184,3399250,3456582,3518029,3573601,3635380,3713269,3780293,3874082,3922889,3990829,4060738,4137187,4213782,4297526,4309924,4406528,4505279,4601174,4701074,4726581,4804896,4882038,4919458,4960811,5017465,5082093,5165576,5185268,5238991,5256003,5294167,5342183,5434175,5508662,5524947,5564235,5604836,5620306,5633470,5721793,5787803,5885011,5944724,5970033,5993162,6091937,6115173
Country21,1028846,1096378,1193332,1269702,1342967,1405233,1424332,1522574,1612739,1676748,1763856,1842165,1869401,1929142,1978795,2006786,2048505,2086048,2169421,2200171,2248028,2262424,2305819,2350626,2364610,2397574,2412709,2441354,2524809,2568712,2622345,2678102,2716003,2763927,2833030,2909296,2948192,2997398,3036635,3107405,3173727,3225969,3240763,3294363,3310977,3371354,3384020,3394213,3422818,3453953,3490850,3510439,3532336,3602841,3644982,3722817,3768044,3790254,3832091,3850285,3869560,3951256,3981032,4074236,4095986,4152506,4225279,4297481,4344336,4404188,4479422,4510250,4584654,4626858,4668409,4757950,4840326,4923615,4945640,5029949,5053428,5136179,5183653,5221359,5249480,5331639,5397481,5440589,5455608,5484712,5497862,5572266,5609688,5637783,5716490,5745414,5791267,5889576,5930833,5971925,6039149
Country22,713555,737975,837497,876433,910642,928150,945860,1021342,1105756,1197433,1235483,1258512,1332073,1368817,1465675,1548379,1577832,1628210,1682228,1764371,1789115,1825238,1911850,1998520,2016826,2050450,2140286,2160401,2189878,2233481,2278540,2364147,2410411,2435515,2518071,2565385,2621230,2702847,2754663,2803034,2885526,2947325,3029077,3067724,3131248,3145767,3204565,3304385,3368056,3433418,3498229,3578734,3639236,3663794,3737872,3812028,3899373,3927928,3977007,4032215,4052263,4122450,4150923,4230017,4294500,4347517,4388839,4470044,4563610,4592812,4647495,4723670,4773808,4793833,4818614,4914447,4952518,4990097,5087779,5105286,5192148,5272503,5303053,5338997,5373108,5399026,5419985,5472268,5487031,5559797,5589268,5666040,5707071,5802905,5854982,5937578,5972104,6047047,6089684,6100388,6147025
Country23,775522,820237,845392,943782,1006622,1045169,1078467,1152621,1237004,1256950,1303434,1384980,1469394,1534437,1624707,1642107,1692346,1717015,1788416,1859586,1886507,1965514,2048880,2087074,2163099,2214406,2235416,2278546,2294630,2309807,2399110,2409674,2436265,2507047,2582321,2679552,2751633,2807248,2898225,2974266,2996147,3021126,3108516,3204285,3241809,3283256,3372018,3436032,3492533,3553815,3573233,3657045,3675935,3686471,3718289,3811091,3855641,3952478,4003140,4022428,4076925,4141325,4189694,4272955,4327812,4403578,4457214,4526474,4598931,4621263,4633372,4675257,4693963,4778733,4814456,4901718,4914430,5008733,5054016,5152818,5172863,5248021,5339571,5435121,5468348,5561963,5648236,5717217,5759138,5785324,5804470,5848948,5913251,5964399,5980081,6070437,6151884,6196845,6264643,6315221,6366175
Country24,654716,679601,737862,831308,854476,875599,971676,1047191,1116155,1178000,1276657,1370010,1396703,1454553,1477231,1560819,1623614,1688850,1760760,1836633,1909964,1940698,1981553,2060802,2154045,2207686,2282666,2351070,2422677,2464425,2518306,2575300,2674428,2732962,2803868,2897995,2983147,3033912,3068132,3098049,3169352,3257037,3272264,3335989,3402362,3499849,3585807,3655528,3673693,3689092,3781021,3841091,3880597,3972165,4042542,4135321,4157965,4187813,4272795,4318523,4401704,4438677,4453846,4545520,4610367,4699935,4771591,4861625,4938209,4980333,4995727,5069794,5132597,5188111,5284756,5348075,5431757,5514209,5528324,5577161,5619478,5663096,5709824,5735039,5811083,5844497,5907523,5919404,5932221,6027473,6067738,6092947,6147458,6194419,6279863,6360839,6396600,6451587,6508455,6536823,6604349
Country25,695117,736256,762090,787646,831615,846928,890976,979276,1031862,1118257,1208558,1225791,1304044,1384961,1469763,1549828,1609615,1683913,1769228,1868360,1940463,2038019,2067454,2104527,2149275,2244703,2278789,2334318,2351679,2370058,2469913,2505101,2565134,2663694,2727402,2784503,2836727,2855257,2867665,2884685,2923077,2938983,3015212,3054408,3084404,3168523,3205429,3234677,3331935,3414394,3510203,3565149,3651152,3720373,3756984,3799688,3846097,3892353,3958679,4017540,4090176,4102980,4124357,4162363,4223238,4263977,4329547,4371355,4385758,4452761,4468561,4566718,4590526,4678376,4741724,4815407,4911126,4925356,5000055,5017367,5053012,5084404,5103772,5169180,5227199,5261866,5281469,5298124,5366825,5448476,5531342,5597325,5623725,5653940,5689625,5786848,5875165,5892951,5929571,5985814,6033871
Country26,973030,1031413,1110112,1161252,1173678,1222019,1244301,1301253,1345287,1410423,1425126,1439225,1463142,1483039,1528209,1554919,1604914,1660731,1725509,1771583,1803885,1856156,1920110,1948740,2015656,2088465,2099786,2187856,2277951,2370078,2407755,2479362,2519884,2614943,2694120,2738134,2768448,2835939,2873268,2920101,2983600,3004063,3065021,3077991,3106607,3122073,3191044,3272598,3356363,3443401,3496573,3517645,3582540,3662270,3676296,3748810,3848614,3913956,4006876,4051603,4106383,4172509,4207631,4287217,4375026,4416629,4489945,4520227,4602524,4679095,4757792,4784863,4812976,4832102,4869160,4945420,4965627,5062642,5099649,5122371,5198996,5295208,5390770,5426985,5469587,5528189,5591620,5690094,5749832,5793278,5835773,5904218,5936682,5949776,5962672,6034487,6071668,6157927,6239124,6319604,6341880
Country27,383974,419967,441158,510388,601404,651097,734455,748222,811452,907256,1004422,1090712,1168284,1201224,1265238,1359468,1398572,1429185,1514124,1599174,1644774,1723043,1794697,1868990,1948836,2022880,2074992,2122847,2172106,2187204,2212177,2260261,2316360,2343457,2423638,2487400,2569987,2581836,2650372,2746980,2817832,2897683,2926889,2962649,2986976,3002906,3015438,3061426,3100137,3142168,3206457,3241952,3271051,3300680,3323991,3423625,3462785,3505543,3528325,3565167,3618344,3674097,3757001,3777234,3825119,3835393,3861991,3956023,4031353,4063183,4132262,4225428,4275903,4312910,4395646,4483123,4512736,4556389,4572504,4665245,4705639,4721470,4737803,4766204,4854240,4894693,4932063,4952278,4974123,4985912,5081693,5140647,5191532,5249213,5324171,5349622,5370025,5412773,5510881,5583286,5675404
Country28,899713,925380,956750,1016261,1077259,1106933,1198564,1253498,1352879,1439443,1453092,1503292,1522671,1610339,1666316,1698215,1733449,1751285,1813703,1844292,1890297,1945436,1976075,2015406,2113987,2161519,2199954,2269971,2335124,2387669,2407454,2457826,2553541,2565523,2659025,2680028,2767983,2779437,2820587,2832725,2875056,2967084,3006252,3081219,3173915,3268142,3366297,3449684,3536072,3583432,3620181,3695799,3757225,3784443,3828107,3874755,3964928,4013548,4104065,4115078,4161881,4220338,4270277,4324428,4364950,4385207,4475640,4561955,4618596,4659995,4733981,4785234,4821164,4846903,4897038,4965278,5039164,5124704,5203785,5247646,5335684,5377871,5431183,5464261,5543953,5616218,5665230,5758007,5824156,5840039,5928053,5954338,6017155,6028433,6043820,6088622,6180361,6235742,6308662,6350421,6426059
Country29,1034510,1045687,1113306,1189868,1260237,1308556,1343392,1408134,1500040,1549336,1610343,1701251,1758958,1832368,1926357,2010472,2057110,2147885,2227867,2265631,2309214,2394086,2423617,2504579,2584810,2650973,2703703,2801844,2816320,2909761,2968787,3044557,3066810,3081304,3093911,3133431,3224364,3283875,3372528,3414170,3498390,3583231,3621535,3671928,3771366,3823056,3907241,3972636,4001661,4035017,4062809,4080662,4142565,4192261,4256587,4302206,4314871,4332122,4376154,4429164,4483408,4539460,4618509,4707927,4742315,4842064,4890932,4950313,5043235,5142682,5154742,5214081,5310691,5322451,5370753,5426539,5513743,5536846,5608989,5639365,5720076,5744231,5786748,5881036,5951358,5964878,5981957,6014398,6106963,6122765,6149609,6219237,6262813,6357528,6424007,6474172,6487229,6520340,6617177,6685881,6754424
Country30,165555,256005,336265,414917,448664,533326,601802,661776,673257,745613,798902,864657,906223,942534,958067,979613,1072636,1095471,1167242,1206027,1226292,1260905,1346829,1385744,1469665,1490617,1529431,1616354,1659515,1731157,1795697,1891650,1919167,1942281,1977041,2020586,2080252,2173365,2226519,2278355,2376939,2388510,2453737,2474786,2537878,2555200,2652214,2741092,2828933,2866090,2948028,2976565,3004889,3074083,3121745,3175120,3189800,3244972,3280453,3321402,3413475,3429294,3509049,3523045,3579197,3635522,3689258,3733135,3783150,3823235,3868190,3893429,3982086,4070168,4087093,4160876,4204662,4279158,4319139,4375780,4456493,4499196,4544182,4572635,4652593,4707024,4795932,4868712,4961135,5056115,5108545,5169002,5241615,5267619,5314401,5372119,5439816,5509035,5558452,5655723,5719123
Country31,223590,239277,302815,344542,400731,484330,564708,600314,639675,652613,664711,689483,751142,836006,892235,972268,1068161,1153690,1167508,1266544,1310330,1327299,1389082,1471647,1519584,1551885,1649079,1739838,1795677,1842615,1869282,1899346,1922695,2006536,2037802,2120944,2147155,2197426,2236642,2285414,2379458,2427879,2482970,2561533,2658302,2713455,2758602,2821717,2877213,2933471,2997883,3086612,3151619,3174727,3237398,3260886,3319186,3369202,3409403,3422223,3502892,3578937,3591486,3656022,3736211,3829704,3913043,3969833,4015738,4088923,4124952,4156044,4166860,4241075,4276764,4334000,4423519,4492479,4527413,4541523,4596451,4648433,4739453,4762970,4790049,4834701,4896454,4991703,5053966,5143701,5174251,5192179,5246770,5343430,5407990,5457116,5548315,5558649,5584916,5613434,5695063
Country32,1049551,1100477,1126872,1186801,1264036,1329940,1379966,1412924,1473627,1567336,1649117,1730781,1803160,1819098,1880381,1952333,2018649,2074931,2094809,2116537,2208959,2280267,2327644,2417883,2463343,2507874,2584687,2639491,2680668,2761776,2849087,2898456,2919902,2997007,3040081,3079291,3156989,3195933,3268108,3335954,3403101,3421525,3453718,3508796,3585862,3661970,3730424,3751532,3834811,3919721,3969930,3991389,4070037,4149784,4186793,4232089,4329015,4378654,4405707,4435020,4478766,4538174,4548509,4608829,4646593,4744685,4829614,4873791,4942807,5020190,5068840,5130060,5208209,5238676,5288011,5351151,5416985,5430030,5482102,5499254,5588894,5601555,5631006,5706608,5783424,5832016,5865272,5946512,6015306,6081031,6131814,6182400,6212777,6301593,6335984,6380451,6471314,6536194,6605992,6619376,6661416
Country33,412912,507037,517988,563904,588851,601023,643843,691707,737961,817978,849583,916464,948922,1003711,1097728,1129695,1173952,1230498,1314015,1325508,1372746,1393458,1428770,1476199,1507362,1577180,1600264,1632620,1649411,1733204,1827953,1870287,1952316,2021508,2046321,2120481,2155184,2199601,2230002,2243911,2307996,2360936,2400150,2413481,2453913,2488770,2507264,2558441,2630462,2681612,2728643,2747005,2813475,2854645,2919172,2976761,3035659,3077744,3114292,3202903,3274077,3343055,3433903,3489601,3566633,3666048,3740838,3789600,3878690,3914949,3961626,4016333,4098691,4181616,4222687,4318059,4391616,4441166,4513100,4581853,4623083,4690939,4770965,4839553,4922273,5005826,5053721,5070735,5096719,5140249,5203300,5226428,5283784,5350049,5407204,5501946,5529757,5541272,5638717,5700519,5745929
Country34,987348,1014853,1048035,1073373,1085676,1105781,1142477,1203468,1242534,1323220,1339103,1427451,1483676,1505067,1576740,1646576,1701966,1748934,1846301,1897086,1916070,1973319,2000981,2043927,2071504,2155179,2215588,2254238,2283168,2343350,2402609,2421826,2496513,2573647,2634736,2665344,2679856,2750135,2833130,2859508,2959299,3026991,3057440,3115404,3184147,3281265,3328192,3338240,3415259,3486413,3542496,3635618,3723423,3751931,3837664,3876324,3928410,3983798,4023102,4051935,4079626,4126722,4208850,4244695,4296202,4311247,4336857,4430080,4452985,4497409,4556017,4602336,4678544,4774564,4798249,4844334,4898347,4972904,4983110,5015987,5064800,5084219,5101394,5191064,5225988,5302335,5356500,5422282,5432291,5494963,5551960,5628081,5691452,5727439,5764753,5843731,5915238,5948013,5989693,6017772,6105594
Country35,859944,936305,963062,1050293,1134300,1222265,1293177,1329753,1369256,1456973,1482060,1577697,1591937,1620869,1698562,1774779,1810143,1842676,1867474,1890535,1941161,2015309,2032802,2129172,2172656,2219842,2294422,2384618,2446510,2468877,2502714,2565440,2596492,2672402,2758473,2843272,2894689,2912396,2988450,3021795,3076988,3119889,3212542,3223823,3237754,3331059,3400211,3449317,3534157,3617271,3667845,3756439,3847437,3899311,3918721,3930365,3994708,4065909,4087185,4113301,4136120,4202923,4239229,4259375,4308222,4343799,4358181,4398411,4415771,4488812,4549316,4587438,4641697,4673813,4740069,4828397,4921362,4988884,5029191,5079653,5177527,5217268,5247374,5294101,5318736,5347880,5408803,5490239,5544916,5622340,5721311,5806462,5868130,5901463,5992071,6065801,6109023,6147895,6176624,6234689,6326838
Country36,492641,549834,599014,612820,629380,641659,687543,745854,814847,877992,932767,1004709,1040925,1132604,1203035,1260428,1308035,1370402,1419438,1483825,1574200,1586574,1674443,1763730,1839347,1885670,1964946,1984475,2032536,2125880,2225632,2309500,2340440,2388942,2416473,2468259,2532685,2559066,2589391,2617984,2688075,2715025,2764398,2810150,2907648,2965811,3035589,3059957,3136435,3190069,3249535,3316532,3409103,3443022,3504944,3594705,3633586,3658309,3699198,3773920,3855847,3885284,3943806,3960959,4009924,4078742,4168771,4236593,4309948,4397293,4496204,4579679,4675948,4743267,4814092,4885991,4974913,5031986,5056311,5138342,5219540,5285965,5366713,5409697,5503224,5601927,5618964,5653285,5736153,5790041,5834343,5914919,5954748,6001836,6043085,6101580,6190630,6255779,6293083,6386459,6458284
Country37,591292,670792,709016,719042,807890,904793,922496,957028,1040792,1063724,1086099,1152132,1190857,1269440,1307139,1339271,1418202,1483703,1516773,1566978,1599416,1612330,1647398,1730647,1777223,1872407,1894772,1943114,1995697,2021753,2046084,2114526,2200320,2255721,2299992,2332201,2363674,2417571,2516415,2581520,2639731,2661116,2706976,2727082,2771366,2819460,2851862,2906083,2970504,3033588,3055133,3087811,3187026,3239373,3322973,3372461,3396787,3434271,3520471,3533846,3597768,3615244,3631123,3716209,3792049,3841497,3940732,4037031,4069180,4098811,4161909,4175720,4227008,4318441,4402258,4431673,4448937,4470342,4559745,4607562,4668214,4767803,4858602,4914690,4995821,5033396,5072557,5132861,5226724,5269280,5279617,5307071,5356840,5371783,5394260,5441617,5488136,5498510,5517145,5562606,5643990
Country38,687915,741161,786070,799475,811108,857489,892897,945864,1030065,1114995,1182239,1218003,1271995,1300275,1365540,1453385,1482949,1552168,1647629,1743915,1831279,1858780,1926073,1968572,2068123,2095113,2135718,2206885,2294172,2348284,2412361,2440482,2537619,2597033,2670823,2689764,2727873,2781128,2833007,2875187,2958462,3028295,3039152,3116828,3158682,3206004,3230929,3275971,3292613,3344914,3372333,3460602,3500456,3567050,3650559,3692709,3719063,3801378,3872764,3938381,4010762,4079909,4158771,4178042,4215791,4277136,4355206,4390131,4429441,4510181,4565963,4604551,4637063,4681954,4711679,4796709,4842645,4928027,4939398,5021718,5058822,5107571,5120542,5153286,5223263,5298691,5372933,5414029,5490327,5536388,5580268,5641846,5697561,5795620,5891362,5925841,5942833,6030009,6089085,6117045,6150280
Country39,475228,503032,574568,604497,696527,791246,808530,874724,901382,951364,1017118,1086195,1150846,1241985,1322731,1376817,1406415,1500379,1533580,1629056,1706479,1763136,1779954,1843275,1925098,2016741,2039570,2117793,2184878,2274134,2322978,2364873,2380305,2471196,2554989,2627960,2670195,2697998,2709970,2801073,2864372,2953055,3033671,3093538,3110704,3156176,3228297,3277745,3364010,3453106,3464360,3480140,3570179,3637735,3734048,3803298,3860591,3924910,3970414,4025617,4108745,4138822,4215689,4254254,4335934,4406987,4493859,4524706,4602249,4671216,4755601,4789792,4825886,4885591,4907635,4947253,5040613,5067485,5122233,5143485,5154245,5182557,5210792,5227161,5293112,5343152,5378421,5463596,5556554,5621551,5678960,5720263,5751927,5777203,5810209,5866067,5896020,5942284,5971013,6000780,6052511
Country40,464617,528520,587755,637100,715519,797148,812188,898771,921716,947806,1010560,1037745,1118069,1141757,1156599,1228619,1314609,1372051,1388127,1433553,1530479,1616488,1684073,1774048,1866939,1896249,1927016,1997122,2095663,2175372,2256624,2299249,2388209,2466366,2516383,2589647,2659061,2752626,2791382,2886639,2898971,2976214,3010145,3056981,3118440,3212440,3228485,3278919,3350387,3410567,3421729,3505290,3517777,3566666,3662034,3680353,3751527,3795408,3811760,3869163,3890356,3971993,4041353,4103695,4161157,4222819,4275759,4360357,4407533,4435933,4459855,4533210,4555856,4608445,4701470,4730292,4788749,4835805,4903597,4927204,5002411,5055345,5070889,5132020,5207654,5257613,5318281,5334707,5361648,5403795,5473010,5487683,5569493,5650684,5730045,5766870,5849486,5874861,5951870,6036634,6072690
Country41,1055905,1068669,1160622,1211871,1278429,1374491,1410958,1491177,1572952,1612131,1631330,1715539,1789193,1857569,1874204,1901983,1914304,1938959,2010121,2069839,2101919,2132056,2158189,2174112,2198898,2283064,2332764,2425989,2486556,2565671,2616267,2686125,2766558,2836382,2873536,2973032,3033264,3132181,3175743,3207543,3300247,3380791,3446082,3485367,3569146,3641472,3708561,3728243,3827592,3900698,3991673,4082923,4102261,4144790,4225781,4251903,4297881,4392913,4438213,4482298,4561276,4625713,4708947,4729077,4740949,4771633,4840409,4881987,4894397,4927243,4970402,5056282,5122979,5210833,5268645,5329131,5394536,5488174,5507197,5590997,5682909,5694122,5748045,5789602,5801590,5873212,5899093,5994765,6044439,6056975,6133777,6196279,6275005,6292752,6387305,6463243,6550674,6567252,6611015,6648140,6693840
Country42,821247,914404,990936,1005161,1061613,1139916,1167937,1189648,1277781,1315446,1327288,1409611,1461320,1516259,1571286,1641778,1704732,1790034,1831179,1847290,1899800,1913114,1989554,2070599,2160781,2200466,2259689,2275361,2287895,2314121,2337827,2360098,2375247,2393563,2446062,2501942,2571195,2619710,2660573,2751067,2848560,2875084,2966008,3017191,3117008,3205985,3295703,3353484,3382077,3423080,3495382,3509098,3551006,3600105,3618730,3641253,3671532,3705037,3729686,3776537,3862167,3921950,4006831,4050931,4100608,4190792,4243675,4276505,4344880,4387351,4402198,4457698,4522235,4589584,4620057,4660098,4729454,4824361,4914649,4959963,5041047,5062166,5104108,5156413,5225643,5299875,5398373,5457765,5527525,5548272,5564063,5592991,5603901,5669055,5740979,5805226,5888764,5979512,6044963,6110888,6127906
Country43,1077015,1096156,1138050,1219476,1267021,1280709,1336848,1351252,1419114,1489386,1560541,1632400,1696018,1748660,1797974,1876149,1966020,2050443,2095090,2160594,2189467,2242233,2334638,2350677,2397699,2472678,2496705,2568223,2607675,2624308,2652161,2693464,2787817,2827261,2894709,2960109,2984141,3010021,3033723,3118208,3134675,3207957,3269859,3343769,3353789,3411959,3498264,3519249,3571193,3582302,3679929,3728115,3777938,3860612,3946124,3963358,4040738,4064388,4091273,4182328,4201671,4247953,4321988,4334734,4384541,4428373,4460815,4523215,4589790,4627921,4698538,4733533,4778147,4792793,4823566,4868716,4947869,5042118,5124694,5164094,5245587,5292757,5362072,5417646,5460387,5547474,5624313,5676019,5774410,5803279,5871469,5964564,5984030,6006658,6068581,6116712,6149533,6211409,6225427,6288137,6360110
Country44,423051,471386,569208,583340,612017,709047,774108,847235,905926,991481,1049278,1091944,1141593,1237352,1288371,1344369,1371231,1450297,1550088,1639490,1700466,1747940,1775593,1820512,1848330,1863199,1956771,1969287,2039380,2066866,2130167,2173952,2241016,2253061,2318521,2353256,2449950,2468809,2544504,2625340,2722962,2778126,2842989,2903408,2978043,3007921,3103178,3193992,3210454,3252651,3327649,3374833,3421932,3504679,3576973,3604715,3693730,3779074,3804494,3848410,3936804,4002882,4096237,4159094,4226273,4254995,4349662,4433039,4494430,4563362,4613798,4684072,4728221,4799407,4896478,4914970,5011930,5057182,5118821,5168612,5184290,5239543,5297689,5356468,5398693,5433413,5493342,5536465,5575120,5635719,5704691,5753095,5820568,5830776,5878984,5895198,5985450,6022574,6048736,6114726,6205591
Country45,368506,462666,482679,521963,549079,596806,609572,655270,720575,757561,776769,868703,892445,946056,973991,1045945,1127375,1177905,1258676,1328780,1348000,1375692,1457726,1494582,1567718,1600851,1645344,1692361,1707579,1801832,1823260,1897902,1939891,2013435,2072079,2140502,2161792,2218974,2233545,2304564,2358070,2452663,2531439,2603368,2671579,2742823,2770729,2802498,2829726,2916685,2954283,3003796,3100294,3142201,3183264,3206999,3262611,3306785,3352294,3417539,3508462,3601679,3641062,3660559,3748350,3816856,3907198,3947427,3958860,4019001,4111874,4135326,4199900,4266025,4276406,4325508,4346808,4438191,4474561,4505327,4561363,4638133,4717723,4779069,4796612,4872802,4936876,4947459,5007197,5055980,5132750,5208913,5228942,5261755,5344679,5409379,5486443,5523863,5570266,5595092,5689003
Country46,638684,729751,763447,816957,853248,941372,957955,982190,1043891,1071721,1103450,1138991,1158688,1202036,1275319,1292067,1333473,1424556,1469374,1491706,1531633,1596478,1683940,1727280,1763409,1774733,1809043,1833775,1932890,2000355,2057773,2098090,2190144,2278972,2329976,2409727,2440651,2495881,2562966,2600663,2676323,2761745,2801143,2892287,2919183,2981201,3032062,3131103,3186026,3270183,3356540,3455656,3477050,3517087,3573126,3634233,3709179,3803676,3889312,3938956,4002515,4040309,4137502,4214003,4288158,4361956,4389177,4446980,4536924,4553571,4579584,4666918,4677802,4693355,4771301,4807906,4875159,4972608,5004229,5057926,5154768,5218541,5232763,5323045,5348455,5395979,5425976,5478097,5495954,5527312,5540796,5573609,5625880,5721095,5810057,5851488,5928386,5983322,6025168,6057358,6096051
Country47,1023786,1114861,1153907,1211445,1297647,1382983,1419891,1465903,1554085,1626915,1662562,1723043,1737333,1754959,1794103,1862689,1896937,1911014,1955259,2014642,2041447,2092617,2118816,2182798,2235335,2322137,2410056,2449090,2532881,2616580,2698472,2765644,2862349,2945466,2971164,3022127,3049799,3076519,3150830,3189918,3205331,3244098,3307361,3353901,3423064,3449222,3459917,3559296,3599806,3679034,3773042,3866529,3912178,4001422,4073831,4159617,4217645,4307656,4332144,4350682,4362369,4424066,4480592,4537825,4567717,4646315,4736793,4824637,4879033,4924482,4952932,4966658,5014689,5095396,5178000,5256737,5268025,5342304,5395890,5426537,5524605,5557702,5604972,5700210,5748097,5794424,5832367,5884351,5983593,6018598,6078479,6147325,6176047,6218323,6307131,6330973,6393409,6412903,6487754,6525181,6611660
Country48,200299,289450,382376,438734,487791,505719,581139,602134,694880,781184,792083,873748,917379,992856,1059986,1154196,1166251,1257075,1293058,1388234,1486215,1521673,1552740,1646173,1728808,1806647,1896586,1938576,1970281,1982276,2059217,2075346,2172458,2230165,2274708,2289449,2326049,2378114,2433898,2471048,2508710,2562075,2616393,2649934,2676893,2740975,2779780,2828417,2893511,2922593,3009575,3049182,3121683,3177628,3232963,3329368,3416554,3496442,3574541,3653656,3689495,3777206,3815794,3899287,3942496,3995126,4062176,4151870,4200211,4276941,4326675,4367704,4458027,4536399,4564770,4611203,4655684,4720236,4799033,4824049,4897422,4987589,5029296,5059236,5150885,5187993,5252581,5317440,5382951,5431843,5498329,5577968,5673994,5767516,5866307,5952041,6014985,6091926,6109941,6187659,6241553
Country49,1031864,1098389,1118215,1169333,1269055,1309809,1339581,1406235,1491232,1587175,1635429,1684792,1740968,1821833,1877255,1975779,2075206,2114221,2170553,2222413,2312600,2376662,2393095,2458311,2556346,2628056,2688071,2765219,2808954,2835560,2864811,2916332,2965880,2997920,3008031,3045118,3088963,3155236,3231596,3296800,3335582,3416157,3486761,3539355,3638286,3669716,3749976,3807648,3873046,3921522,4018486,4087643,4155214,4211652,4299340,4344236,4421247,4433423,4449867,4522244,4578246,4652031,4667717,4743455,4831006,4860334,4917514,4984114,5046821,5146819,5163377,5198472,5231107,5330812,5410787,5503575,5561512,5623725,5669314,5729124,5815381,5849814,5860899,5953033,5964775,5980465,6057648,6105968,6177563,6229574,6247297,6327358,6410874,6482968,6534553,6592145,6643923,6721394,6736063,6834670,6878799
Country50,182316,226919,259715,317417,359282,454831,520747,559007,625186,697368,730077,809709,832455,861012,880881,903027,983074,1080384,1142974,1229505,1325215,1423472,1491169,1521086,1590426,1601341,1701060,1741798,1802073,1855194,1887760,1946609,2043094,2088726,2166081,2188207,2278428,2367853,2409664,2464707,2480258,2493279,2541117,2634030,2703061,2748304,2785467,2815135,2858874,2952690,3030118,3040632,3092127,3182026,3242520,3301659,3374411,3446033,3506310,3559863,3611889,3663214,3721453,3779488,3827460,3899949,3970071,4016030,4094908,4155699,4179198,4259733,4301964,4347533,4430330,4449481,4541107,4563038,4624603,4682998,4726472,4757979,4772872,4871688,4881783,4892579,4949249,4964697,5047085,5079771,5152464,5205250,5257087,5347883,5418133,5430407,5516968,5614651,5708290,5764749,5808079
